{
  "episodes": [
    31,
    70,
    110,
    150,
    193,
    237,
    285,
    330,
    383,
    434,
    484,
    534,
    587,
    637,
    686,
    736,
    786,
    834,
    884,
    934,
    984,
    1035,
    1088,
    1143,
    1201,
    1255,
    1312,
    1368,
    1428,
    1489,
    1549,
    1607,
    1674,
    1730,
    1791,
    1853,
    1915,
    1974,
    2035,
    2092,
    2152,
    2211,
    2273,
    2340,
    2403,
    2459,
    2520,
    2584,
    2647,
    2709,
    2778,
    2841,
    2910,
    2971,
    3037,
    3101,
    3166,
    3233,
    3291,
    3355,
    3415,
    3473,
    3535,
    3600,
    3663,
    3727,
    3790,
    3856,
    3922,
    3991,
    4058,
    4126,
    4191,
    4258,
    4327,
    4393,
    4463,
    4529,
    4597,
    4664,
    4733,
    4799,
    4867,
    4929,
    4993,
    5056
  ],
  "win_rates": [
    0.5161290322580645,
    0.5641025641025641,
    0.65,
    0.65,
    0.7906976744186046,
    0.7954545454545454,
    0.7708333333333334,
    0.8222222222222222,
    0.8490566037735849,
    0.8235294117647058,
    0.8,
    0.92,
    0.8679245283018868,
    0.92,
    0.7959183673469388,
    0.86,
    0.9,
    0.8333333333333334,
    0.78,
    0.9,
    0.82,
    0.9411764705882353,
    0.9056603773584906,
    0.8545454545454545,
    0.896551724137931,
    0.9629629629629629,
    0.8596491228070176,
    0.9464285714285714,
    0.9,
    0.9508196721311475,
    0.95,
    0.9137931034482759,
    0.9701492537313433,
    0.9285714285714286,
    0.9180327868852459,
    1.0,
    0.9193548387096774,
    0.9322033898305084,
    0.9344262295081968,
    0.9649122807017544,
    0.9166666666666666,
    0.8983050847457628,
    0.9193548387096774,
    0.9552238805970149,
    0.9682539682539683,
    0.9285714285714286,
    0.9016393442622951,
    0.90625,
    0.9206349206349206,
    0.967741935483871,
    0.9565217391304348,
    0.9206349206349206,
    0.9855072463768116,
    0.9180327868852459,
    0.9242424242424242,
    0.953125,
    0.9230769230769231,
    0.9402985074626866,
    0.9137931034482759,
    0.9375,
    0.95,
    0.9310344827586207,
    0.9354838709677419,
    0.9692307692307692,
    0.9365079365079365,
    0.96875,
    0.9682539682539683,
    0.9242424242424242,
    0.9696969696969697,
    0.927536231884058,
    0.9253731343283582,
    1.0,
    0.9692307692307692,
    0.9850746268656716,
    0.9130434782608695,
    0.9696969696969697,
    0.9428571428571428,
    0.9696969696969697,
    0.9264705882352942,
    0.9552238805970149,
    0.9565217391304348,
    0.9696969696969697,
    0.9558823529411765,
    0.9516129032258065,
    0.96875,
    0.9206349206349206
  ],
  "policy_losses": [
    0.03795395021006698,
    0.008443929829809349,
    0.00513830180716468,
    -0.011905592986295233,
    -0.00351978799153585,
    -0.005338823961210437,
    -0.00814913991780486,
    0.012289762547879945,
    -0.005574798182351515,
    -0.008398740756092593,
    -0.015404433128423989,
    0.00945386552484706,
    -0.0030694542947458103,
    0.0011892697657458484,
    -0.016705439396901056,
    -0.00825075605098391,
    -0.006716853393299971,
    -0.012334057682892308,
    -0.004379857535241172,
    -0.002065564440272283,
    -0.011193184349394869,
    0.001324559809290804,
    -0.0025813860265770927,
    -0.0027998041623504832,
    -0.008046392467804253,
    0.002587046183180064,
    -0.008636447440949269,
    -0.0012929294171044603,
    -0.006937663332791999,
    -0.0025610593947931193,
    -0.0004423482168931514,
    -0.003235749914892949,
    0.0028063382778782398,
    -0.004481387157284189,
    -0.011421380055253394,
    0.005309211352141574,
    -0.004905779402179178,
    -0.006729798114974983,
    -0.003350974788190797,
    0.0024544511979911476,
    -0.009694737709651235,
    0.005178386738407426,
    -0.006728768508764915,
    -0.0020050957027706318,
    -0.002563012392784003,
    -0.006674229196505621,
    -0.00976494925271254,
    -0.009741828718688339,
    -0.008233876316808164,
    0.008289325225632638,
    -0.004993544331227895,
    -0.008034541286178865,
    0.004373992538603488,
    -0.007311020795896184,
    -0.003377448934770655,
    -0.00462066734326072,
    -0.0016143889552040491,
    -0.003371838109160308,
    -0.009922671946696937,
    -0.010073231671412941,
    -0.004160767464782111,
    -0.0103342088041245,
    -0.005868902946531307,
    -0.0032317435470758937,
    -0.01753048784303246,
    -0.0027251351275481284,
    0.0012457163975341246,
    -0.007614964291860815,
    0.00029392824217211455,
    -0.009270219285099301,
    -0.00491668605900486,
    0.01140107111132238,
    -0.00017831074728746898,
    0.0038429309279308654,
    -0.010255679582769517,
    0.0010023592694778927,
    -0.006109102789196186,
    0.0007083147938828915,
    -0.011254611832555383,
    -0.004714783375675324,
    -0.0027100511506432667,
    -0.006686248460027855,
    -0.007917912051198073,
    0.007522069863625802,
    -0.005647606929414906,
    -0.0034445759738446213
  ],
  "value_losses": [
    112.3473190665245,
    141.87156742811203,
    143.60919851064682,
    141.80255490541458,
    150.8107596039772,
    150.31562501192093,
    163.1822226047516,
    152.77208364009857,
    171.22924852371216,
    160.87225359678268,
    156.26627033948898,
    150.0108726620674,
    161.34939283132553,
    143.65051287412643,
    145.17093282938004,
    145.7674731016159,
    137.75019478797913,
    137.0297578573227,
    148.52809703350067,
    133.62381833791733,
    140.20836472511292,
    126.31626543402672,
    134.2582352757454,
    142.26005339622498,
    137.74903804063797,
    121.89407813549042,
    142.9765105843544,
    123.89867687225342,
    134.71484577655792,
    121.97711205482483,
    119.64699614048004,
    122.5190224647522,
    122.14369612932205,
    110.8584201335907,
    115.30170381069183,
    99.79447430372238,
    117.34189403057098,
    106.8022595345974,
    111.52097636461258,
    92.02379107475281,
    108.06608256697655,
    114.59143126010895,
    107.10505801439285,
    101.86030626296997,
    88.95821633934975,
    92.39484769105911,
    104.13165587186813,
    105.75302478671074,
    95.7156389951706,
    81.5712354183197,
    85.87221518158913,
    84.96197363734245,
    72.18528246879578,
    88.4952561557293,
    89.24223086237907,
    69.70871686935425,
    98.69144865870476,
    79.04502072930336,
    80.3938293159008,
    73.86246174573898,
    70.87989667057991,
    71.7899150699377,
    75.23803600668907,
    55.54500871896744,
    69.79660660028458,
    56.525144055485725,
    57.84448102116585,
    74.01038625836372,
    50.43871860206127,
    75.0038925409317,
    79.12850949168205,
    37.48081521689892,
    48.68993255496025,
    41.48599784076214,
    77.81584921479225,
    48.19481834769249,
    61.496239110827446,
    41.866289496421814,
    70.74209266901016,
    50.99949259310961,
    52.35970218479633,
    39.38245977461338,
    50.49026124179363,
    54.57689704746008,
    38.177299343049526,
    71.60310492664576
  ]
}